LCMS_Run_ID,SubjectID
Neutral_Operator_Dif_Pos_1x_O2_A,1x_O2
Neutral_Operator_Dif_Pos_1x_O2_B,1x_O2
Neutral_Operator_Dif_Pos_1x_O2_C,1x_O2
Neutral_Operator_Dif_Pos_1x_O3_A,1x_O3
Neutral_Operator_Dif_Pos_1x_O3_B,1x_O3
Neutral_Operator_Dif_Pos_1x_O3_C,1x_O3
Neutral_Operator_Dif_Pos_2x_O1_A,2x_O1
Neutral_Operator_Dif_Pos_2x_O1_B,2x_O1
Neutral_Operator_Dif_Pos_2x_O1_C,2x_O1
Neutral_Operator_Dif_Pos_2x_O2_A,2x_O2
Neutral_Operator_Dif_Pos_2x_O2_B,2x_O2
Neutral_Operator_Dif_Pos_2x_O2_C,2x_O2
Neutral_Operator_Dif_Pos_2x_O3_A,2x_O3
Neutral_Operator_Dif_Pos_2x_O3_B,2x_O3
Neutral_Operator_Dif_Pos_2x_O3_C,2x_O3
Neutral_Operator_Dif_Pos_4x_O1_A,4x_O1
Neutral_Operator_Dif_Pos_4x_O1_B,4x_O1
Neutral_Operator_Dif_Pos_4x_O1_C,4x_O1
Neutral_Operator_Dif_Pos_4x_O2_A,4x_O2
Neutral_Operator_Dif_Pos_4x_O2_B,4x_O2
Neutral_Operator_Dif_Pos_4x_O2_C,4x_O2
Neutral_Operator_Dif_Pos_4x_O3_A,4x_O3
Neutral_Operator_Dif_Pos_4x_O3_B,4x_O3
Neutral_Operator_Dif_Pos_4x_O3_C,4x_O3
Neutral_Operator_Dif_Pos_1x_O1_A,1x_O1
Neutral_Operator_Dif_Pos_1x_O1_B,1x_O1
Neutral_Operator_Dif_Pos_1x_O1_C,1x_O1
